{
  "Gc_J_m2": 6933.333333333333,
  "l0_m": 0.3333333333333333
}