{
  "Gc_J_m2": 6933.333333333333,
  "l0_m": 0.4666666666666667
}