{
  "Gc_J_m2": 5546.666666666667,
  "l0_m": 0.4666666666666667
}